<?xml version="1.0" encoding="utf-8"?><!DOCTYPE install PUBLIC "-//Joomla! 1.6//DTD template 1.0//EN" "http://www.joomla.org/xml/dtd/1.6/template-install.dtd"><extension	version="3.0" type="template" client="site">	<name>borrensport</name>	<creationDate>fevrier 2014</creationDate>	<version>1.0.0</version>	<description>        <![CDATA[<h1> borren sport joomla template </h1>	   			<br /><br />]]>	</description>	<files>		<folder>html</folder>		<folder>css</folder>		<folder>images</folder>		<folder>js</folder>		<filename>index.php</filename>		<filename>favicon.ico</filename>		<filename>templateDetails.xml</filename>		<filename>template_thumbnail.png</filename>		<filename>template.php</filename>		<filename>slideshow.php</filename>	</files>	<positions>		<position>position-0</position>		<position>position-1</position>		<position>position-2</position>		<position>position-3</position>		<position>position-4</position>		<position>position-5</position>		<position>position-6</position>		<position>position-7</position>		<position>position-8</position>		<position>position-9</position>		<position>position-10</position>		<position>position-11</position>		<position>position-12</position>		<position>position-13</position>		<position>position-14</position>		<position>position-15</position>	</positions>		<config>		<fields name="params" >	            	 	<fieldset name="advanced">	<field name="logo" type="textarea" default="borren sport" label="title website " description="enter a text"  rows="3" cols="20"  /> 	<field type="spacer" name="block2" hr="true" />		<field name="slidedisable" type="radio" default="1" label="Show slideshow" description="Show slideshow">	  	 		<option value="0">Hide</option>	 	             	<option value="1">Show</option>    	       	 	</field>		<field type="spacer" class="text" label="&lt;b style='color:red;'&gt;Size images must be 813px to 313px! !&lt;/b&gt;&lt;/a&gt;" />	<field name="image1" type="media" label="Upload image 1" description="select an image" default="templates/borrensport/images/slide1.jpg"/>					<field name="image2" type="media" label="Upload image 2" description="select an image" default="templates/borrensport/images/slide2.jpg"/>				<field name="image3" type="media" label="Upload image 3" description="select an image" default="templates/borrensport/images/slide3.jpg"/> 	 	<field type="spacer" name="block2" hr="true" />		</fieldset>				</fields>		 	</config></extension>