<?xml version="1.0" encoding="utf-8"?>
<!DOCTYPE install PUBLIC "-//Joomla! 2.5//DTD template 1.0//EN" "http://www.joomla.org/xml/dtd/2.5/template-install.dtd">
<extension version="3.0" type="template" client="site">
    <name>td_esgat</name>
    <creationDate>2015</creationDate>
    <author>joomlatd.com</author>
    <authorEmail>support@joomlatd.com</authorEmail>
    <authorUrl>http://www.joomlatd.com</authorUrl>
    <copyright>Copyright (C) 2010 - 2015 joomlatd.com. All rights reserved.</copyright>
    <license>http://www.gnu.org/licenses/gpl-2.0.html GNU/GPLv2 only</license>
    <version>3.5.1</version>
    <description><![CDATA[
	<style type="text/css" media="all">
		<!--
		#wrap1 {padding:0px 0px 4px 0px;}
		h1 {clear:both;font-family: Georgia, sans-serif;font-size:36px;margin:30px 20px 0px ;padding:0px 0px 14px 10px;color:#369; border-bottom: 1px solid #ccc; font-weight: normal;}
		.page-header { display:block; font-weight:bold; text-transform:uppercase; font-size:100%; background:#f1f1f1; color:#c00; padding:5px 25px; padding-bottom: 0px; }
		h5 { border: none;  margin: 0 0 12px; padding:0; font: 16px/20px Georgia, sans-serif; color: #000; }					
		.wrap2 {background:#fff;padding: 20px; font-family: Arial; font-size:13px; text-align: justify; color: #4d4d4d; line-height: 24px;}
		.leftside {margin: 16px 0 0 220px; font-weight:normal!important; }
		.param_headings {display:block; font-weight:bold; text-transform:uppercase; font-size:100%; background:#c00; color:#fff; padding:5px 25px;}
		-->
	</style>						
	<div id="wrap1">     
	<h1><em>td_esgat</em></h1>
	<div class="wrap2">                  						
	<a title="Visit the official website!" href="http://www.joomlatd.com/" target="_blank"> <img style="float:left;border:1px solid #ccc;margin-right:10px;padding:3px" src="../templates/td_esgat/template_thumbnail.png" border="0" alt="Logo" /></a>   
	<div class="leftside">
	<h4>Responsive Joomla Template.</h4>    						
	<p>Based on bootstrap Framework.</p> 
	<h5>Horizontal main menu setup.</h5>    						
	<p>In module manager for the menu you want to have as horizontal, select position mainmenu. In "Advance Options" for "Alternative Layout" select default-horizontal.</p> 		
	<h5>Show Slider in different pages.</h5> 
	<p>To show only the Slideshow on specific pages or only home page, select [Show only in header] and click save.
	In extensions - Module manager . Create an empty HTML module and chose the position header. Use this module to control which pages have header visible.</p> 
	<p>For additional information visit our site <a href="http://www.joomlatd.com/">joomlatd</a></p>
	</div></div></div>]]>
    </description>
    <files>
        <filename>index.php</filename>
        <filename>error.php</filename>
        <filename>templateDetails.xml</filename>
		<filename>favicon.ico</filename>
		<filename>template_preview.png</filename>
		<filename>template_thumbnail.png</filename>
		<folder>js</folder>
		<folder>layouts</folder>
		<folder>html</folder>
		<folder>font</folder>
		<folder>header</folder>
		<folder>language</folder>
		<folder>css</folder>
    </files>
    <positions>
        <position>mainmenu</position>
        <position>topwide</position>
        <position>top1</position>
        <position>top2</position>
        <position>top3</position>
        <position>top4</position>
        <position>top5</position>
        <position>top6</position>
        <position>infotop</position>
        <position>info1</position>
        <position>info2</position>
        <position>info3</position>
        <position>info4</position>
        <position>info5</position>
        <position>info6</position>
        <position>bottomwide</position>
        <position>bottom1</position>
        <position>bottom2</position>
        <position>bottom3</position>
        <position>bottom4</position>
        <position>bottom5</position>
        <position>bottom6</position>
        <position>breadcrumbs</position>
        <position>left</position>
        <position>right</position>
		<position>maintop</position>
		<position>mainbottom</position>
		<position>header</position>
    </positions>	
	<languages folder="language">
		<language tag="en-GB">en-GB.tpl_td_esgat.ini</language>
	</languages>
		<config>

		<fields name="params">
			
			<fieldset name="Logo" label="Logo">	
			
                <field name="logoImage" type="media" label="Logo Image"
                    description="Logo Image" directory=""/>
                <field name="logoText" type="text" label="Logo Text"
                    description="Logo Text" default="LOGO"/>
                <field name="logotype" type="list" label="Logo Type" description="Logo Type" default="text">
                    <option value="image">Image</option>
                    <option value="text">Text</option>
                    <option value="showboth">Show Both</option>
                </field>
					
			</fieldset>
			
			<fieldset name="sliderspot" label="Slider">

				<field name="slides" type="list" default="1" label="Slideshow" description="To show the Slideshow on specific pages, select [Show only in header]. After go in Extensions - Module manager and create an empty module and assign it to position header. Use this module to control which pages have header visible">
					<option value="1">Show on all pages</option>
					<option value="2">Show only in header</option>
					<option value="0">Hide</option>
				</field>		
				<field type="spacer" class="page-header" label="First Slide"/>		
				<field name="jukenburn_thumb1" type="media" default="" label="Slider Image 1" description="Please choose an image..." />
				<field name="jukenburn_texts1" type="text" default="" label="First line text for first slide" description="Write here first line text for first slide" />
				<field name="jukenburn_desc1" type="text" default="" label="Third line text for first slide" description="Write here third line text for first slide" />
				<field name="jukenburn_text1" type="text" default="" label="Read more link" description="Link for read more button" />
				<field type="spacer" class="page-header" label="Second Slide"/>	
				<field name="jukenburn_thumb2" type="media" default="" label="Slider Image 2" description="Please choose an image..." />
				<field name="jukenburn_texts2" type="text" default="" label="First line text for second slide" description="Write here first line text for second slide" />
				<field name="jukenburn_desc2" type="text" default="" label="Third line text for second slide" description="Write here third line text for second slide" />
				<field name="jukenburn_text2" type="text" default="" label="Read more link" description="Link for read more button" />
				<field type="spacer" class="page-header" label="Third Slide"/>
				<field name="jukenburn_thumb3" type="media" default="" label="Slider Image 3" description="Please choose an image..." />
				<field name="jukenburn_texts3" type="text" default="" label="First line text for third slide" description="Write here first line text for third slide" />
				<field name="jukenburn_desc3" type="text" default="" label="Third line text for third slide" description="Write here third line text for third slide" />
				<field name="jukenburn_text3" type="text" default="" label="Read more link" description="Link for read more button" />
				<field type="spacer" class="page-header" label="Fourth Slide"/>
				<field name="jukenburn_thumb4" type="media" default="" label="Slider Image 4" description="Please choose an image..." />
				<field name="jukenburn_texts4" type="text" default="" label="First line text for fourth slide" description="Write here first line text for fourth slide" />
				<field name="jukenburn_desc4" type="text" default="" label="Third line text for fourth slide" description="Write here third line text for fourth slide" />
				<field name="jukenburn_text4" type="text" default="" label="Read more link" description="Link for read more button" />
				<field type="spacer" class="page-header" label="Fifth Slide"/>
				<field name="jukenburn_thumb5" type="media" default="" label="Slider Image 5" description="Please choose an image..." />
				<field name="jukenburn_texts5" type="text" default="" label="First line text for slide 5" description="Write here first line text for slide 5" />
				<field name="jukenburn_desc5" type="text" default="" label="Third line text for fifth slide" description="Write here third line text for fifth slide" />
				<field name="jukenburn_text5" type="text" default="" label="Read more link" description="Link for read more button" />	
				<field type="spacer" class="page-header" label="Sixth Slide"/>
				<field name="jukenburn_thumb6" type="media" default="" label="Slider Image 6" description="Please choose an image..." />
				<field name="jukenburn_texts6" type="text" default="" label="First line text for slide 6" description="Write here first line text for slide 6" />
				<field name="jukenburn_desc6" type="text" default="" label="Third line text for Sixth slide" description="Write here third line text for Sixth slide" />
				<field name="jukenburn_text6" type="text" default="" label="Read more link" description="Link for read more button" />	
				<field type="spacer" class="page-header" label="Seven Slide"/>
				<field name="jukenburn_thumb7" type="media" default="" label="Slider Image 7" description="Please choose an image..." />
				<field name="jukenburn_texts7" type="text" default="" label="First line text for slide 7" description="Write here first line text for slide 7" />
				<field name="jukenburn_desc7" type="text" default="" label="Third line text for Seventh slide" description="Write here third line text for Seventh slide" />
				<field name="jukenburn_text7" type="text" default="" label="Read more link" description="Link for read more button" />	
				<field type="spacer" class="page-header" label="Eight Slide"/>
				<field name="jukenburn_thumb8" type="media" default="" label="Slider Image 8" description="Please choose an image..." />
				<field name="jukenburn_texts8" type="text" default="" label="First line text for slide 8" description="Write here first line text for slide 8" />
				<field name="jukenburn_desc8" type="text" default="" label="Third line text for Eighth slide" description="Write here third line text for Eighth slide" />
				<field name="jukenburn_text8" type="text" default="" label="Read more link" description="Link for read more button" />	
			<field type="spacer" label="ONLY_IN_PRO" />
				<field type="spacer" class="page-header" label="Slider settigns"/>	
				<field name="headHeigh" type="text" default="500" label="Header Height" description="Put a size for the header height"  disabled="true" />				    
				<field name="banner" type="list" default="on" label="Stop Timer on Hover" description="Stop Banner Timet at Hover on Slide on/off.">
					<option value="off" disabled="true" >Off</option>
					<option value="on" disabled="true" >On</option>
				</field>
				<field name="menu" type="list" default="bullet" label="Navigation Type" description="Navigation Type bullet, thumb, none.">
					<option value="bullet" disabled="true" >Bullet</option>
					<option value="thumb" disabled="true" >Thumb</option>
					<option value="none" disabled="true" >None</option>
				</field>							
				<field name="styles" type="list" default="square" label="Navigation Style" description="Navigation Style round,square,navbar.">
					<option value="round" disabled="true" >Round</option>
					<option value="square" disabled="true" >Square</option>
					<option value="navbar" disabled="true" >Navbar</option>
				</field>							
				<field name="shadow" type="list" default="0" label="Shadow type" description="Shadow type. 0 = no Shadow, 1,2,3 = 3 Different Art of Shadows.">
					<option value="0" disabled="true" >None</option>
					<option value="1" disabled="true" >Shadow1</option>
					<option value="2" disabled="true" >Shadow 2</option>
					<option value="3" disabled="true" >Shadow 3</option>
				</field>				
				<field name="speed" type="list" default="7000" label="Speed of Annimation" description="This is the time at which the annimation happens." disabled="true" >
					<option value="3000">3 Seconds</option>
					<option value="4000">4 Seconds</option>
					<option value="5000">5 Seconds</option>
					<option value="6000">6 Seconds</option>
					<option value="7000">7 Seconds</option>
					<option value="8000">8 Seconds</option>
					<option value="9000">9 Seconds</option>
					<option value="10000">10 Seconds</option>
					<option value="11000">11 Seconds</option>
					<option value="12000">12 Seconds</option>
					<option value="13000">13 Seconds</option>
					<option value="14000">14 Seconds</option>
					<option value="15000">15 Seconds</option>
					<option value="16000">16 Seconds</option>
					<option value="17000">17 Seconds</option>
					<option value="18000">18 Seconds</option>
					<option value="19000">19 Seconds</option>
					<option value="20000">20 Seconds</option>
					<option value="30000">30 Seconds</option>
				</field>
						
			</fieldset>

            <fieldset name="menu" label="Menu" >
 
                <field name="loadMenuModule" type="radio" label="Load Menu Module" class="btn-group"
                    description="Set this to No if you want use sticky menu module from pagebuilder" default="1">
                    <option value="0">JNO</option>
                    <option value="1">JYES</option>
                </field>

                <field name="float" type="radio" class="btn-group" default="0" label="Float Menu (only in PRO )" description="Select yes for Float Menu">
                    <option value="0">JNO</option>
                    <option value="1" disabled="true" >JYES</option>
                </field>
                
                <field name="menucolors" type="list" label="Menu Color" description="Menu Color (only in PRO )" default="dark">
                    <option value="dark" disabled="true">Dark</option>
                    <option value="white">White</option>
                </field>

                <field name="useOnePageMenu" type="radio" label="Using scrolling menu" class="btn-group"
                    description="Set this to Yes if you want use scrolling effect on menu items which has SCROLLTO class" default="0">
                    <option value="0">JNO</option>
                    <option value="1">JYES</option>
                </field>
         
            </fieldset>
	
			<fieldset name="stylesett" label="Color Style ( only in PRO )">	
			<field type="spacer" label="ONLY_IN_PRO" />
				<field type="spacer" label="Theme Color" class="page-header" />
				
				<field name="theme"
					type="list"
					default="blue"
					label="Select Style"
					description="Select color Style">
					<option value="blue" disabled="true">Blue</option>
					<option value="" disabled="true">Orange</option>
					<option value="" disabled="true">Green</option>
					<option value="">Red</option>
				</field>
				
				<field type="spacer" label="Slider" class="page-header" />	
				
				<field name="sliderBgr" type="media" default="" label="Header Background" description="Header Background image" />	
									
				<field name="sliderColor" class="" type="color" default=""
					label="Background Color"
					description=""  disabled="true"/>
				
				<field name="sliderfontColor" class="" type="color" default=""
					label="Font Color"
					description=""  disabled="true"/>	
									
				<field type="spacer" label="Top" class="page-header" />	
				
				<field name="topColor" class="" type="color" default=""
					label="Background Color"
					description=""  disabled="true"/>
				
				<field name="topfontColor" class="" type="color" default=""
					label="Font Color"
					description=""  disabled="true"/>
					
				
				<field type="spacer" label="Info" class="page-header" />	
				
				<field name="infoColor" class="" type="color" default=""
					label="Background Color"
					description=""  disabled="true"/>
				
				<field name="infofontColor" class="" type="color" default=""
					label="Font Color"
					description=""  disabled="true"/>	
													
				<field type="spacer" label="Bottom" class="page-header" />
				
				<field name="fixedbottom"
					type="radio"
					class="btn-group"
					default="1"
					label="Bottom Behavior"
					description="Bottom Position Fixed">
					<option value="0" disabled="true" >Static</option>
					<option value="1" disabled="true" >Fixed</option>
				</field>
					
				<field name="bottomColor" class="" type="color" default=""
					label="Background Color"
					description="Choose Color for Background." disabled="true" />
				
				<field name="bottomfontColor" class="" type="color" default="#747474"
					label="Font Color"
					description="" disabled="true" />					
			</fieldset>

			<fieldset name="fonts" label="Fonts ( only in PRO )">
			<field type="spacer" label="ONLY_IN_PRO" />
				
				<field type="spacer" label="Body" class="page-header" />	
						
				<field name="BodyFontType"
					type="radio"
					class="btn-group"
					default="1"
					label="Body Font"
					description="">
					<option value="0" disabled="true" >Standart</option>
					<option value="1" disabled="true" >Google</option>
				</field>
				
				<field name="BodyFontName" class="" type="text" default="Open+Sans"
					label="Body Font Family"
					description="" disabled="true" />
					
				<field name="BodyFontSize" class="" type="text" default="14px"
					label="Body Font Size"
					description="" disabled="true" />
					
				<field name="BodyFontWeight" class="" type="text" default="300"
					label="Body Font Weight"
					description="Enter Font Weight for Body" disabled="true" />
					
				<field type="spacer" label="Menu" class="page-header" />
						
				<field name="MenuFontType"
					type="radio"
					class="btn-group"
					default="1"
					label="Menu Font"
					description="">
					<option value="0" disabled="true" >Standart</option>
					<option value="1" disabled="true" >Google</option>
				</field>
					
				<field name="MenuFontName" class="" type="text" default="Open+Sans"
					label="Menu Font Name"
					description="" disabled="true" />
					
				<field name="MenuFontSize" class="" type="text" default="16px"
					label="Menu Font Size"
					description="" disabled="true" />

				<field name="MenuFontWeight" class="" type="text" default="400"
					label="Menu Font Weight"
					description="" disabled="true" />
								
				<field type="spacer" label="Headings (h1, h2, h3, h4, h5, h6)" class="page-header" />
						
				<field name="HeadingFontType"
					type="radio"
					class="btn-group"
					default="1"
					label="Heading Font"
					description="">
					<option value="0" disabled="true" >Standart</option>
					<option value="1" disabled="true" >Google</option>
				</field>

				<field name="HeadingFontName" class="" type="text" default="Open+Sans"
					label="Headings Font Name"
					description="Insert Font Family Nane for Headings h1,h2,h3,h4,h5,h6" disabled="true" />
					
				<field name="HeadingFontWeight" class="" type="text" default="300"
					label="Headings Font Weight"
					description="" disabled="true" />

			</fieldset>

			<fieldset name="language" label="Language Direction">	

				<field type="spacer" label="Language Direction" class="page-header" />
				
				<field name="langDirection"
					type="radio"
					class="btn-group"
					default="1"
					label="Language Direction"
					description="Default is LTR">
					<option value="2">RTL</option>
					<option value="1">LTR</option>
				</field>	
					
			</fieldset>	
				
			<fieldset name="advanceettings" label="Advance Settings">	

								
				<field name="jquery"
					type="radio"
					class="btn-group"
					default="0"
					label="Jquery"
					description="Enable or disable jquery">
					<option value="0">JNO</option>
					<option value="1">JYES</option>
				</field>
	
				<field name="totop" type="radio" default="1" label="To-Top Scroller" class="btn-group" description="Show the to-top scroller">
					<option value="0">JNO</option>
					<option value="1">JYES</option>
				</field>
				<field name="totopText" type="text" default="Go to Top" label="To-Top Scroller text" description="Enter To-Top Scroller text." />
	   			

			<field name="footer_info" type="textarea" default="Copyright (c) Site Name 2015. All rights reserved." cols="" rows="10" label="Footer text" description="Footer text" filter="raw" class="textarea" override="true" />	
			<field type="spacer" label="ONLY_IN_PRO" />	
				<field type="spacer" label="Extra" class="page-header" />
										
			<field name="maxwidth" class="" type="text" default="940"
					label="Template width (only in PRO )"
					description="Template width is in px. Max 1170. Do not enter px or %"  disabled="true"/>	
						
			<field name="show_Designed" type="radio" default="1" class="btn-group" label="Show Designed" description="Show Designed by on the footer">
					<option value="0" disabled="true" >JNO</option>
					<option value="1" disabled="true" >JYES</option>
			</field>
								
				<field name="niceScroll"
					type="radio"
					class="btn-group"
					default="0"
					label="Smoth Scroll"
					description="">
					<option value="0" disabled="true" >JNO</option>
					<option value="1" disabled="true" >JYES</option>
				</field>

				
				<field name="retinaReady"
					type="radio"
					class="btn-group"
					default="0"
					label="Enable Retina.js"
					description="">
					<option value="0" disabled="true" >JNO</option>
					<option value="1" disabled="true" >JYES</option>
				</field>	
					
			</fieldset>		
												
		</fields>
	</config>
	
</extension>